id;type;time;author;author_id;re_tweeter;associated_tweet;text;links;hashtags;mentions;reply_count;favorite_count;retweet_count
;;;;;;;;;;;;;
1,20E+18;tweet;1,57E+12;clara_ng;64731626;sharakinsy;1,20E+18;Walaupun bukan guru, tp membaca pidato menteri pendidikan dan kebudayaan membuatku melihat secercah cahaya di ujung lorong yg sangat, sangat, sangat gelap.pic.twitter.com/xAhobSZLVt;['https://t.co/xAhobSZLVt'];[];[];525;33388;25451
;;;;;;;;;;;;;
1,20E+18;tweet;1,57E+12;ezash;105080250;sharakinsy;1,20E+18;Kepo ga sih kenapa gapernah lulus kalo ngelamar di @JobStreetcom?Well, coba ditonton dulu video yg baru tayang ini, biar paham Jobstreet kalo dari sisi HRD tuh bagaimanaCus, klik link dibawah! https://youtu.be/qVIuYt-80o0;['https://t.co/IEI510WxAK'];[];['@JobStreetcom'];8;599;121
;;;;;;;;;;;;;
1,20E+18;tweet;1,57E+12;sharakinsy;247563243;;1,20E+18;Christmas vibes.........Latihan hingga pergantian haripic.twitter.com/zFbrqAuz6T;['https://t.co/zFbrqAuz6T'];[];[];0;0;0
;;;;;;;;;;;;;
1,20E+18;tweet;1,57E+12;sharakinsy;247563243;;1,20E+18;Tema : damai natal di tengah keluarga........Shock bgt peran gue jd beginipic.twitter.com/7vZokXA1oP;['https://t.co/7vZokXA1oP'];[];[];0;0;0
;;;;;;;;;;;;;
1,20E+18;tweet;1,57E+12;Wordgasmyc;1,11E+18;sharakinsy;1,20E+18;And compliment her by their efforts. It much more powerful and meaningful.;[];[];[];1;51;12
;;;;;;;;;;;;;
1,20E+18;tweet;1,57E+12;sharakinsy;247563243;;1,20E+18;Ya Tuhan dospem gue sibuk bgt apa ya sampe ga sempet bimbingan udh bingung banget ini gmn cara kerja metodenya;[];[];[];0;0;0
;;;;;;;;;;;;;
1,20E+18;tweet;1,57E+12;izzatihashim_;250550251;sharakinsy;1,20E+18;5 hidden IG story function. Omg seriously helpful gila!pic.twitter.com/cEiKIFmaGi;['https://t.co/cEiKIFmaGi'];[];[];1485;561455;247676
;;;;;;;;;;;;;
1,20E+18;tweet;1,57E+12;Benggadora08;999748736;sharakinsy;1,20E+18;Self-love is underrated. pic.twitter.com/lpYr63jaf9;['https://t.co/lpYr63jaf9'];[];[];822;170930;91277
;;;;;;;;;;;;;
1,20E+18;tweet;1,57E+12;aliralira;252461798;sharakinsy;1,20E+18;Yg lagi cari kerja, yg gabut. One thing I learned dr video ini: lu mungkin malu sedih sakit kesel dikasih feedback jujur soal aplikasi/CV/essay lu, tapi kl utk perbaikan diri sendiri kenapa ngga?Mbanya nangis karna ga pernah denger truth dr sekitarnya.https://youtu.be/byjgWjqoCvw;['https://t.co/muxhMwyJVH'];[];[];5;1263;334
;;;;;;;;;;;;;
1,19E+18;tweet;1,57E+12;bitchesbfightin;3311231824;sharakinsy;1,19E+18;Always be aware of your surroundingspic.twitter.com/1QfJhL5Ou4;['https://t.co/1QfJhL5Ou4'];[];[];442;176410;100969
;;;;;;;;;;;;;
1,20E+18;tweet;1,57E+12;sharakinsy;247563243;;1,20E+18;Sedih banget gereja gue mati listrik pas ibadah :(;[];[];[];0;0;0
;;;;;;;;;;;;;
1,20E+18;tweet;1,57E+12;Jouska_id;9,58E+17;sharakinsy;1,20E+18;Ngomong konsep GREEN dulu ya. Jadi sebenernya Indonesia sdh menandatangani Paris Agreement di tahun 2016.Isinya kurang lebih bahwa Indonesia berkomitmen menurunkan emisi karbon sebesar 29% atas biaya sendiri hingga tahun 2030.;[];[];[];4;184;135
;;;;;;;;;;;;;
1,20E+18;tweet;1,57E+12;AdjieSanPutro;38394524;sharakinsy;1,20E+18;Kalau pas stres, kita cenderung pingin makan dan minum yang manis.Di sisi yang lain, ini kandungan gula bubble milk tea, minuman soda, energy drink, dibandingkan rekomendasi WHO.Jaga kesehatan dengan jaga asupan gula secukupnya saja. Apalagi gula + susu. Padahal enak.pic.twitter.com/mRq1fTL1ct;['https://t.co/mRq1fTL1ct'];[];[];518;11886;14430
;;;;;;;;;;;;;
1,19E+18;tweet;1,57E+12;weekdies;1,07E+18;sharakinsy;1,19E+18;financially stablehttps://twitter.com/Aldysuhanda1/status/1194665382650400768 …;['https://t.co/xs93xVHL27'];[];[];9;3678;7626
;;;;;;;;;;;;;
1,19E+18;tweet;1,57E+12;rilopams;742134306;sharakinsy;1,19E+18;It’s a beautiful video I ever seenpic.twitter.com/vISrVqr0nP;['https://t.co/vISrVqr0nP'];[];[];731;130702;74865
;;;;;;;;;;;;;
1,20E+18;tweet;1,57E+12;sharakinsy;247563243;;1,20E+18;2 hari lalu ke mcd selama 2 jam menghabiskan 15k;[];[];[];0;0;0
;;;;;;;;;;;;;
1,20E+18;tweet;1,57E+12;sharakinsy;247563243;;1,20E+18;Hari ini 3,5 jam di kfc menghabiskan 12k. Thankhyou dana, gopay, ovo;[];[];[];0;0;0
;;;;;;;;;;;;;
1,20E+18;tweet;1,57E+12;sharakinsy;247563243;;1,20E+18;Kemarin ke fore coffee 4 jam menghabiskan 5 rb rupiah;[];[];[];2;0;0
;;;;;;;;;;;;;
1,20E+18;tweet;1,57E+12;sharakinsy;247563243;;1,20E+18;Ga bilang apa2 bukan berarti gapunya masalah, ga cerita apapun belum tentu gaada hal penting. Tapi kalo udh bilang & udh cerita emg bakal bnr2 membantu? Kalo nggak ya buat apa. Toh bagus2nya seneng2nya udh dikasih tau;[];[];[];0;0;0
;;;;;;;;;;;;;
1,20E+18;tweet;1,57E+12;sharakinsy;247563243;;1,20E+18;Which better1. Adek blm dirumah, gabisa dihubungin, org rumah udh pd tidur gaada yg bisa ditanyain jd ngabarin ke grup keluarga2. Adek blm dirumah, gabisa dihubungin, org rumah udh pd tidur gaada yg bisa ditanya, yaudah santuy ntar jg balik. Gausah kasih tau siapa2;[];[];[];0;0;0
;;;;;;;;;;;;;
1,20E+18;tweet;1,57E+12;sharakinsy;247563243;;1,20E+18;Yg gabisa dihubungin siapa, yg dimaki2 siapa. Apa sih gunanya hp kalo gabisa dihubungin kebiasaan banget gile;[];[];[];2;0;0
;;;;;;;;;;;;;
1,19E+18;tweet;1,57E+12;thisisinsider;3226282347;sharakinsy;1,19E+18;This is why Dr. Bronner's soaps are loved by some of the world's biggest celebritiespic.twitter.com/rIbfdxudc1;['https://t.co/rIbfdxudc1'];[];[];3;309;113
;;;;;;;;;;;;;
1,19E+18;tweet;1,57E+12;leo_edw;537176441;sharakinsy;1,19E+18;Pengen belajar vokal karna tiap kali denger suara sendiri kok kedengarannya slalu kyk mau boker pic.twitter.com/CENrrDRR7G;['https://t.co/CENrrDRR7G'];[];[];127;2218;217
;;;;;;;;;;;;;
1,19E+18;tweet;1,57E+12;jehianps;72537872;sharakinsy;1,19E+18;"GIVE AWAY MARKETING -thread-(from the eye of someone who endorse)mari kita bicara soal give away, sebuah strategi marketing favorit Indonesia.*dan ada apaan dengan konsep giveaway yang lagi menjamur banget di social media khususnya IG. hint: biasanya ada ""iphone x"" nya";[];[];[];19;432;321
;;;;;;;;;;;;;
1,19E+18;tweet;1,57E+12;madermn;1,00E+18;sharakinsy;1,19E+18;Dear all students, it’s normal to feel stressed and tired once in a while. Sometimes life hits you in the head with a brick. Don’t lose faith. Your exams, assignments, thesis and your sleepless night. You’ll get through it. Hang on, you’re almost there pic.twitter.com/e3Bod9wbAE;['https://t.co/e3Bod9wbAE'];[];[];123;32690;40624
;;;;;;;;;;;;;
1,19E+18;tweet;1,57E+12;moviemenfess;918269185;sharakinsy;1,19E+18;/mvs/ seminggu lagi tayangpic.twitter.com/zUJ8nHn2yl;['https://t.co/zUJ8nHn2yl'];[];[];732;16537;7892
;;;;;;;;;;;;;
1,19E+18;tweet;1,57E+12;ezash;105080250;sharakinsy;1,19E+18;Hal Yang Wajib Kamu Perhatikan Sebelum Sign Kontrak KerjaA THREADpic.twitter.com/behbhfW2Qg;['https://t.co/behbhfW2Qg'];[];[];52;14225;2954
;;;;;;;;;;;;;
1,19E+18;tweet;1,57E+12;sharakinsy;247563243;;1,19E+18;AMIGO X SIEMPRE!!! OMG DULU HAFAL BGT LAGUNYA & NYANYIIN BRG KAKAK2 GUEhttps://twitter.com/senorjoey/status/1194046143908499456 …;['https://t.co/qhZrKIrvqz'];[];[];1;0;0
;;;;;;;;;;;;;
1,19E+18;tweet;1,57E+12;gcfjungs;7,21E+17;sharakinsy;1,19E+18;KALIAN PERNAH NONTON INI GASIsumpah ini tuh keren banget, tapi juga bikin ngakakpic.twitter.com/24CA82LZrc;['https://t.co/24CA82LZrc'];[];[];1018;29432;16995
;;;;;;;;;;;;;
1,19E+18;tweet;1,57E+12;sharakinsy;247563243;;1,19E+18;Setiap peristiwa telah dirancang oleh Allah dan menjadi cerminan kasih setia-Nya kepada mereka yang diciptakan-Nya.(Mazmur 136 :10-26);[];[];[];0;0;0
;;;;;;;;;;;;;
1,19E+18;tweet;1,57E+12;sharakinsy;247563243;;1,19E+18;Menyadari bahwa Allah sajalah yang menciptakan kita menunjukkan betapa berharganya kita di mata-Nya;[];[];[];0;0;0
;;;;;;;;;;;;;
1,19E+18;tweet;1,57E+12;sharakinsy;247563243;;1,19E+18;Terkadang nilai sebuah benda dapat diketahui dari siapa yang membuatnya.;[];[];[];1;0;0
;;;;;;;;;;;;;
1,19E+18;tweet;1,57E+12;danianrfph;716985308;sharakinsy;1,19E+18;masa iya gua anak TI ngasi bekel anak suami gua keyboard sm mouse si https://twitter.com/Askmenfess/status/1193683769296687104 …;['https://t.co/0w0IG9g1LK'];[];[];4;0;2
;;;;;;;;;;;;;
1,19E+18;tweet;1,57E+12;Greatman__;1,03E+18;sharakinsy;1,19E+18;A guy proposed to his girlfriend in a KFC canteen. A journalist laughed at him in a tweet but didn't know she was blessing them. The tweet went viral and now big bigger biggest companies are sponsoring the whole event.Thread....pic.twitter.com/MEuKJgUcy0;['https://t.co/MEuKJgUcy0'];[];[];394;24753;25851
;;;;;;;;;;;;;
1,19E+18;tweet;1,57E+12;kk_sreejith;77391590;sharakinsy;1,19E+18;I've only just seen this video of a Beluga whale playing rugby. We don't deserve this planet. via @reddit u/EspeeFunsailpic.twitter.com/IOPalCNikq;['https://t.co/IOPalCNikq'];[];['@reddit'];405;36367;13173
;;;;;;;;;;;;;
1,19E+18;tweet;1,57E+12;sharakinsy;247563243;;1,19E+18;Rapiih bet rapih mbak yana emg paling rajin malem mingguan, malem sabtuan dahpic.twitter.com/W29q4eogFR;['https://t.co/W29q4eogFR'];[];[];0;0;0
;;;;;;;;;;;;;
1,19E+18;tweet;1,57E+12;leo_edw;537176441;sharakinsy;1,19E+18;Teruntuk yg patah hati. Maap jelek suaranya wkwkwpic.twitter.com/8Z7MaaQggr;['https://t.co/8Z7MaaQggr'];[];[];219;4004;722
;;;;;;;;;;;;;
1,19E+18;tweet;1,57E+12;Chamberafli;1241495232;sharakinsy;1,19E+18;Jajan pake motor Jajan pake mobil Jajan pake go food NOOBJajan Pake Lokomotif pic.twitter.com/SJtJSRDoF6;['https://t.co/SJtJSRDoF6'];[];[];1920;61368;63499
;;;;;;;;;;;;;
1,19E+18;tweet;1,57E+12;sharakinsy;247563243;;1,19E+18;when people craving of so many food, im craving for a lot of money;[];[];[];0;0;0
;;;;;;;;;;;;;
1,19E+18;tweet;1,57E+12;sharakinsy;247563243;;1,19E+18;Apa ndak bisa uang turun dari langit ya gusti;[];[];[];0;0;2
;;;;;;;;;;;;;
1,19E+18;tweet;1,57E+12;sharakinsy;247563243;;1,19E+18;Yakagalaaa mau farming jaganya tp tugasku banyak ditambah lagi TA hAhAAaa;[];[];[];0;0;0
;;;;;;;;;;;;;
1,19E+18;tweet;1,57E+12;sharakinsy;247563243;;1,19E+18;Event jajanan nusantara di margo sungguh menggoda lalu apa tidak bisa gajiku bulan ini dilipatgandakan sajah;[];[];[];1;0;0
;;;;;;;;;;;;;
1,19E+18;tweet;1,57E+12;leo_edw;537176441;sharakinsy;1,19E+18;Please teach me how to stop thinking about you. I’m going crazy.;[];[];[];207;2601;627
;;;;;;;;;;;;;
1,19E+18;tweet;1,57E+12;sharakinsy;247563243;;1,19E+18;Gue kira bakal normal & bagus, ternyata emg mustahil yahttps://twitter.com/JeromePolin/status/1192075872305479681 …;['https://t.co/8xRxf99l8s'];[];[];0;0;0
;;;;;;;;;;;;;
1,19E+18;tweet;1,57E+12;sheque;28707111;sharakinsy;1,19E+18;Ngomongin hal yang sama tapi beda sudut pandang itu biasa. Gosah jadi bahan beranteman...Bisa jadi dua2nya bener... pic.twitter.com/MtO2eglYew;['https://t.co/MtO2eglYew'];[];[];44;17120;13123
;;;;;;;;;;;;;
1,19E+18;tweet;1,57E+12;ainurohman;132276059;sharakinsy;1,19E+18;Ban Dario Becerra (Kolombia), 18 thn, bocor di Kejuaraan Dunia junior 2019.Dia minta bantuan. Tp tak ada satupun yg berhenti. Becerra frustrasi, mulai menangis. Lalu ayah pembalap Uruguay  Thomas Silva (pesaingnya) datang menolong.Inilah kemanusiaan.pic.twitter.com/JX8jTghEsk;['https://t.co/JX8jTghEsk'];[];[];374;29161;20637
;;;;;;;;;;;;;
1,19E+18;tweet;1,57E+12;IrwanHarj;90105770;sharakinsy;1,19E+18;Jadi guys, pas aku tadi di KRL Duri-Tangerang ada mbak2 masuk ke gerbong bertepatan pintu keretanya mau ditutup. Apesnya badan mbaknya udah di kereta tapi tasnya masih di luar. Mau ngakak tapi kasian pic.twitter.com/miW70RC1Wf;['https://t.co/miW70RC1Wf'];[];[];636;13294;15179
;;;;;;;;;;;;;
1,19E+18;tweet;1,57E+12;leo_edw;537176441;sharakinsy;1,19E+18;Secara ga langsung, waktu bisa diputar kembali—daylight savings.pic.twitter.com/l6wNiwUknw;['https://t.co/l6wNiwUknw'];[];[];62;1711;233
;;;;;;;;;;;;;
1,19E+18;tweet;1,57E+12;sharakinsy;247563243;;1,19E+18;Inget juga dulu cm gue yg minum pediasure, trus beralih ke dancow biar cepet beli susu lagi karena ngincer kaset bing&bong wkwkwkwkk;[];[];[];0;0;0
;;;;;;;;;;;;;
1,19E+18;tweet;1,57E+12;sharakinsy;247563243;;1,19E+18;Kaset gratisan susu!!!! sampe dulu rajin minum susu karena mau koleksi semua serinyaa & pas gede udh sadar teknik marketing terbaik emg wkwkwkwk https://twitter.com/Askmenfess/status/1191352102678753281 …;['https://t.co/XILk1nx6UP'];[];[];1;0;0
;;;;;;;;;;;;;
1,19E+18;tweet;1,57E+12;sharakinsy;247563243;;1,19E+18;Gw kira otak gue yg terlalu lama mencerna materi dari dosen, ternyata beliau ngasih tugas tapi materinya bisa dibilang kurang bersinggungan dan deadline nya besok. Mantappu Jiwa!;[];[];[];0;0;0
;;;;;;;;;;;;;
1,19E+18;tweet;1,57E+12;9GAG;16548023;sharakinsy;1,19E+18;Psycho-Pass is coming.https://9gag.com/gag/aj59y8R?utm_source=Twitter&utm_medium=social&utm_campaign=link_post …;['https://t.co/by0NVWK0be'];[];[];172;3921;1804
;;;;;;;;;;;;;
1,19E+18;tweet;1,57E+12;andikamalreza;499262326;sharakinsy;1,19E+18;Capek kan denger berita pejabat korup? Dulu, ada seorang Jaksa yg kelewat jujur.Dia larang Istrinya naik mobil dinas “hanya” untuk pergi ke pasar.Dia menolak pemberian 10K$ AS dari teman masa kecilnya.Dia jg sering pinjam sepatu ajudannya.Ialah Baharudin Loppa.A Thread-pic.twitter.com/cxMX7WOUoV;['https://t.co/cxMX7WOUoV'];[];[];701;65356;42397
;;;;;;;;;;;;;
1,19E+18;tweet;1,57E+12;sharakinsy;247563243;;1,19E+18;The best halloween costum everrrhttps://twitter.com/haleybaxter_/status/1190107598189551616 …;['https://t.co/vw1fOwypQp'];[];[];0;0;0
;;;;;;;;;;;;;
1,19E+18;tweet;1,57E+12;Strategi_Bisnis;190535830;sharakinsy;1,19E+18;Misal nih ya, 2 tahun lalu kamu punya dana 5 juta. Pilihannya :A) belikan saham CLEO senilai Rp 5 jutaB) belikan hape baru + teh boba + gofood + Jco + kopi kekinian + dll, semua habisnya 5 juta jg. Hari ini pilihan A jadi Rp 75 juta. Yg pilihan B cm jd kenangan....pic.twitter.com/qd377Owe1b;['https://t.co/qd377Owe1b'];[];[];218;5981;3519
;;;;;;;;;;;;;
1,19E+18;tweet;1,57E+12;ZonePhysics;9,34E+17;sharakinsy;1,19E+18;Each ball is traveling in a straight line but together they circulatingpic.twitter.com/SE0eyYV47Y;['https://t.co/SE0eyYV47Y'];[];[];479;87838;25768
;;;;;;;;;;;;;
1,19E+18;tweet;1,57E+12;sharakinsy;247563243;;1,19E+18;Bukan lg diet bukan lg stress, tapi blm makan siang & kuliah dr pagi langsung ngaslab sampe malem cui jiwa raga semoga bertahan sehat & efektif terus;[];[];[];0;0;0
;;;;;;;;;;;;;
1,19E+18;tweet;1,57E+12;sharakinsy;247563243;;1,19E+18;"Mama jwb ""mama lg ga ngestock alpukat kok, makan pepaya aja dikulkas udh dipotongin""Trs me like ""HAAH JADI YG GUE MAKAN SEJAM LALU APAAN BOZH (dlm hati)""Gue jwb ""ini mama maskeran pake apa ma?""Mama ""yaa ini pare masa kamu gatau""..... Astaga bodoh bgt malu sm diri sendiri";[];[];[];0;0;0
;;;;;;;;;;;;;
1,19E+18;tweet;1,57E+12;sharakinsy;247563243;;1,19E+18;Ternyata buat MASKER GUYS SERIUSAN MASKER!!!!!!!gue gatau ada masker buah pare seriously!Trus gue tanya maa sisain dong maskernya yg mateng buat dimakan kira2 brp hari ya buat mateng itu alpukatnya;[];[];[];1;0;0
;;;;;;;;;;;;;
1,19E+18;tweet;1,57E+12;sharakinsy;247563243;;1,19E+18;Daan cui, ga lama mama gue ikutan motong sesuatu itu dicampur telor mentah sama madu gitulah. Yg gue pikirkan adalah wOw mamaku keren sekali mencetuskan metode baru menikmati buah alpukat a.k.a pare;[];[];[];1;0;0
;;;;;;;;;;;;;
1,19E+18;tweet;1,57E+12;sharakinsy;247563243;;1,19E+18;Trus yaudaah entah apa yg merasuki ku, lanjut aja paksa makan karna ya kan sayang dibuang.... emg asli bodoh bgt yaaa voldemort;[];[];[];1;0;0
;;;;;;;;;;;;;
1,19E+18;tweet;1,57E+12;sharakinsy;247563243;;1,19E+18;Pas dimakan rasanyaa pahit parah trus yaa gue tambahib gula tuh ternyata masih pahit bangettt yaasalam gaa kepikiran kalo itu pare. Karena kalo beli gapernah nyoba parenya & warna nya ga hijau;[];[];[];1;0;0
;;;;;;;;;;;;;
1,19E+18;tweet;1,57E+12;sharakinsy;247563243;;1,19E+18;Bentukan bijinyaa lebih kecil sih tapi gue pikir karna ukuran utuhnya lebih kecil juga. Gue kira ini alpukat jenis baru guys hasil persilangan apalah emang anak nya sotoy banged;[];[];[];1;0;0
;;;;;;;;;;;;;
1,19E+18;tweet;1,57E+12;sharakinsy;247563243;;1,19E+18;Duu bodoh bgt dah gabisa bedain bentukan utuh pare sama alpukat. Jd barusan mau makan sesuatu (gue kira alpukat) pas dikupas kok gak lembek2...;[];[];[];2;0;0
;;;;;;;;;;;;;
1,19E+18;tweet;1,57E+12;thisisinsider;3226282347;sharakinsy;1,19E+18;Add this Maldives resort to your vacation bucket listFind more remarkable rentals on @PrimeVideo: http://bit.ly/RemarkableRentalsPrime …pic.twitter.com/MUWPxty9dy;['https://t.co/OMRxyTTfX4', 'https://t.co/MUWPxty9dy'];[];['@PrimeVideo'];0;117;31
;;;;;;;;;;;;;
1,19E+18;tweet;1,57E+12;techinsider;3224616765;sharakinsy;1,19E+18;This Indonesian company is making glass out of seaweedpic.twitter.com/v5XTyAU35t;['https://t.co/v5XTyAU35t'];[];[];13;879;576
;;;;;;;;;;;;;
1,19E+18;tweet;1,57E+12;Greschinov;59980041;sharakinsy;1,19E+18;Kasta-kasta dalam dunia per-start-up-an:pic.twitter.com/BbEpTRoCIb;['https://t.co/BbEpTRoCIb'];[];[];49;5634;3605
;;;;;;;;;;;;;
1,19E+18;tweet;1,57E+12;ezash;105080250;sharakinsy;1,19E+18;TIPS MENGGUNAKAN LINKEDIN YANG BAIK DAN BENAR -A thread-pic.twitter.com/hgmfD2GEw8;['https://t.co/hgmfD2GEw8'];[];[];216;52200;13455
;;;;;;;;;;;;;
1,19E+18;tweet;1,57E+12;RadioElshinta;121640063;sharakinsy;1,19E+18;Hari pertama, apa saja kegiatan Mendikbud Nadiem Makarim? Cek yuk!pic.twitter.com/CBP5VVidxj;['https://t.co/CBP5VVidxj'];[];[];179;3454;1586
;;;;;;;;;;;;;
1,19E+18;tweet;1,57E+12;JeromePolin;1,04E+18;sharakinsy;1,19E+18;Remember, we can’t make every people happy, satisfied, and to like ourselves.;[];[];[];95;11056;5566
;;;;;;;;;;;;;
1,19E+18;tweet;1,57E+12;sharakinsy;247563243;;1,19E+18;Seekor kucing yg mengadaptasi skill seekor burung beohttps://twitter.com/ffarliani/status/1187699480545517568 …;['https://t.co/iEvWueYy6r'];[];[];0;0;0
;;;;;;;;;;;;;
1,19E+18;tweet;1,57E+12;rayestu;76984137;sharakinsy;1,19E+18;Di #AsumsiBersuara berikutnya gue akan ngobrol2 dengan Frederico Gil Sander, Lead Economist @BankDunia.Kali ini nerdy dikit kita bahas segala tentang ekonomi Indonesia. Tunggu Selasa nanti! @asumsicopic.twitter.com/NlJkbceT2j;['https://t.co/NlJkbceT2j'];['#AsumsiBersuara'];['@BankDunia', '@asumsico'];11;234;62
;;;;;;;;;;;;;
1,19E+18;tweet;1,57E+12;sharakinsy;247563243;;1,19E+18;Emang dah anak kecil gabisa dikasih tau rahasia. Sensi dikit langsung dicepuin;[];[];[];1;0;0
;;;;;;;;;;;;;
1,19E+18;tweet;1,57E+12;thisisinsider;3226282347;sharakinsy;1,19E+18;A computer senses the angle and velocity of riders on this waterfall swingpic.twitter.com/utQ8uUY4mr;['https://t.co/utQ8uUY4mr'];[];[];7;662;207
;;;;;;;;;;;;;
1,19E+18;tweet;1,57E+12;sharakinsy;247563243;;1,19E+18;Mbak yana sm bang soli berantem mulu tp saling ngegodain trus saling caper hhhh aneh bgt dah yakpic.twitter.com/iSjCUXvdnn;['https://t.co/iSjCUXvdnn'];[];[];0;0;0
;;;;;;;;;;;;;
1,19E+18;tweet;1,57E+12;sharakinsy;247563243;;1,19E+18;Aslab baru yg jaga bareng gue td ngobrol lu gue mulu pdhl gue udh ngasih tau nama. Ternyata kata temennya dia punya kelainan gainget nama org jd manggil sesukanyaPas mau balik manggil gue siul2 kan songong yak;[];[];[];0;0;0
;;;;;;;;;;;;;
1,19E+18;tweet;1,57E+12;wanmafiq;93201224;sharakinsy;1,19E+18;Whoever wrote this poem is a geniuspic.twitter.com/4wy64OUKXb;['https://t.co/4wy64OUKXb'];[];[];104;52012;46608
;;;;;;;;;;;;;
1,19E+18;tweet;1,57E+12;einsistant;1,05E+18;sharakinsy;1,19E+18;Jangan Khawatir, Banyak Hal yang Bisa Kamu Lakukan Setelah Lulus Kuliah,Atau ya buat yg masih kuliah juga bisa sih, disesuaikan aja,Yuk kita bahas!A thread.;[];[];[];1;509;120
;;;;;;;;;;;;;
1,19E+18;tweet;1,57E+12;hati2dimedsos;9,11E+17;sharakinsy;1,19E+18;Nadiem adalah aku di depan orang tuapic.twitter.com/0Jjj6hmsk0;['https://t.co/0Jjj6hmsk0'];[];[];280;6121;6077
;;;;;;;;;;;;;
1,19E+18;tweet;1,57E+12;heart_o_cage;45380309;sharakinsy;1,19E+18;Whoever made this.... the world needs to know your name pic.twitter.com/StJTUns7hX;['https://t.co/StJTUns7hX'];[];[];281;5816;4602
;;;;;;;;;;;;;
1,19E+18;tweet;1,57E+12;ibamibrahim;57640365;sharakinsy;1,19E+18;Nadiem sebagai Mendikbud,Mata pelajaran SD tahun depan:pic.twitter.com/2hLICI4PwG;['https://t.co/2hLICI4PwG'];[];[];147;2242;2204
;;;;;;;;;;;;;
1,19E+18;tweet;1,57E+12;rai_dhan;149369326;sharakinsy;1,19E+18;Kita update dulu klasmen menteri kabinet Indonesia Maju gan!pic.twitter.com/DXCppgVeKN;['https://t.co/DXCppgVeKN'];[];[];2;1;5
;;;;;;;;;;;;;
1,19E+18;tweet;1,57E+12;Chynnob_;1348506054;sharakinsy;1,19E+18;Sejarah 12 Rasi Bintang (ZODIAC)Dalam Mitologi Yunani............------A THREAD------pic.twitter.com/6AdzJOQVRx;['https://t.co/6AdzJOQVRx'];[];[];493;32347;9951
;;;;;;;;;;;;;
1,19E+18;tweet;1,57E+12;Greschinov;59980041;sharakinsy;1,19E+18;Kamu masih ada kesulitan dng 16 tenses?Mungkin tabel ini bisa membantu.pic.twitter.com/xaXljOJAkG;['https://t.co/xaXljOJAkG'];[];[];89;23008;6266
;;;;;;;;;;;;;
1,19E+18;tweet;1,57E+12;novanardian;332191434;sharakinsy;1,19E+18;Hai, gua mau sharing tentang pengalaman bangun rumah dari 0 (tanah kosong) beberapa waktu lalu, sekitaran 2tahun lalu sih. karna kebetulan banyak yang tanya tanya jadi ada baiknya gua share sekalian. ini penampakan jadinya.pic.twitter.com/iF18L6Svai;['https://t.co/iF18L6Svai'];[];[];470;58872;15793
;;;;;;;;;;;;;
1,19E+18;tweet;1,57E+12;Al_Mufni;564653532;sharakinsy;1,19E+18;Berani banget. Wowwwhttps://twitter.com/inizali/status/1186280532167950336 …;['https://t.co/HU2ct6ixX5'];[];[];0;0;1
;;;;;;;;;;;;;
1,19E+18;tweet;1,57E+12;Greschinov;59980041;sharakinsy;1,19E+18;"30 ungkapan afirmasi.Kalau kamu lagi down dan butuh support, baca-baca ini ya.- ""Usahamu gakkan sia-sia kok.""- ""Allah sama kamu.""- ""Kamu bisa ngelakuinnya, hebat!""- ""Jangan patah semangat, jalan akan selalu ada.""- ""Luar biasa banget usaha kamu. Aku suka.""";[];[];[];46;6188;3849
;;;;;;;;;;;;;
1,19E+18;tweet;1,57E+12;aMrazing;76298119;sharakinsy;1,19E+18;Very clever and intriguing. The not-so hidden message from this person: I take a good care of my belongings, I am responsible, I am different from your typical job seeker, I am witty and smart. https://twitter.com/RioNdate/status/1185727151330349056 …;['https://t.co/UOc56otC9e'];[];[];53;4329;3044
;;;;;;;;;;;;;
1,19E+18;tweet;1,57E+12;sharakinsy;247563243;;1,19E+18;Lebih bingung kalo ditanya ultah nya kapan karena di akte sama tanggal aslinya beda, itu teh kumaha gaes aing kudu jawab yg maneh;[];[];[];0;0;0
;;;;;;;;;;;;;
1,19E+18;tweet;1,57E+12;sharakinsy;247563243;;1,19E+18;Suka bingung kalo disuruh milih mau kado apa, antara gaenak & bingung request apa2. Tp kalo blg terserah berkesan males mikir, padahal enakan surprise aja ya gaes wkwkwk;[];[];[];0;0;0
;;;;;;;;;;;;;
1,19E+18;tweet;1,57E+12;thisisinsider;3226282347;sharakinsy;1,19E+18;Forget pineapple... does pasta belong on a pizza?pic.twitter.com/NBvkwv20nD;['https://t.co/NBvkwv20nD'];[];[];7;122;43
;;;;;;;;;;;;;
1,19E+18;tweet;1,57E+12;yeehawjabi;7,80E+17;sharakinsy;1,19E+18;2020 is in less than 3 months which means a whole new DECADE is starting.  this is the decade most of us are going to get married in or have kids or graduate or start our careers  we’re so close to entering the very beginning of a whole new chunk of our lives;[];[];[];1955;596569;169220
;;;;;;;;;;;;;
1,19E+18;tweet;1,57E+12;whaddaflip;2506096059;sharakinsy;1,19E+18;Me when I’m accidentally mean to my parents and regret it 2 seconds laterpic.twitter.com/LZkZxYBYHz;['https://t.co/LZkZxYBYHz'];[];[];84;105866;27083
;;;;;;;;;;;;;
1,19E+18;tweet;1,57E+12;fiannsyah;282930228;sharakinsy;1,19E+18;Google bukan hanya sebuah Search Engine biasa, dibalik itu ia memiliki banyak sekali tools yg mungkin bisa membantu kegiatan sehari2 kita, mulai dari factcheck, analyzing trends, data studio, digital marketing, sustainable monitoring, dll.Here's the list;[];[];[];110;49084;18266
;;;;;;;;;;;;;
1,19E+18;tweet;1,57E+12;sharakinsy;247563243;;1,19E+18;Mamaku lupa akan siapa dirinyapic.twitter.com/px5SeOesav;['https://t.co/px5SeOesav'];[];[];0;0;0
;;;;;;;;;;;;;
1,19E+18;tweet;1,57E+12;sharakinsy;247563243;;1,19E+18;First timer jadi pagarayu resepsi pernikahan adat jawa Ooh begini rasanya.......;[];[];[];0;0;0
